{"tree_heights": [2, 3, 4, 5], "tree_file_widths": [4, 5, 6, 7, 8], "create_dir_time_all": [0.0003104209899902344, 0.0006062984466552734, 0.0002677440643310547, 0.0002605915069580078, 0.0002758502960205078, 0.0019588470458984375, 0.0008928775787353516, 0.0009107589721679688, 0.0016374588012695312, 0.0009479522705078125, 0.007372617721557617, 0.00761866569519043, 0.00717473030090332, 0.007297039031982422, 0.005980491638183594, 0.050591230392456055, 0.04382729530334473, 0.04394841194152832, 0.04810762405395508, 0.03868865966796875], "create_files_time_all": [0.03684687614440918, 0.054955482482910156, 0.0357518196105957, 0.03808259963989258, 0.04562711715698242, 0.09416079521179199, 0.08350086212158203, 0.0980684757232666, 0.14393234252929688, 0.14492392539978027, 0.2457141876220703, 0.2943861484527588, 0.37344956398010254, 0.6562488079071045, 0.6896622180938721, 1.1448922157287598, 1.3486902713775635, 1.8498241901397705, 2.682013988494873, 2.508730173110962], "access_files_time_all": [0.02203512191772461, 0.029232501983642578, 0.02851700782775879, 0.03393197059631348, 0.036580801010131836, 0.06195688247680664, 0.06068992614746094, 0.07884502410888672, 0.07854342460632324, 0.09523391723632812, 0.14080405235290527, 0.17608976364135742, 0.2038278579711914, 0.20979905128479004, 0.2619459629058838, 0.3997635841369629, 0.5052783489227295, 0.5914170742034912, 0.7198357582092285, 0.8003256320953369], "search_files_time_all": [0.03813886642456055, 0.05091595649719238, 0.05568671226501465, 0.0668940544128418, 0.0783698558807373, 0.2053055763244629, 0.2724766731262207, 0.32873964309692383, 0.3912019729614258, 0.4446995258331299, 1.4818322658538818, 1.9279735088348389, 2.543870449066162, 2.964359998703003, 3.5678114891052246, 13.075440645217896, 16.867382049560547, 21.68330979347229, 30.461230516433716, 31.226950883865356], "delete_files_time_all": [0.069854736328125, 0.03372621536254883, 0.039696693420410156, 0.0964813232421875, 0.11788415908813477, 0.07361102104187012, 0.09393644332885742, 0.21330595016479492, 0.11189055442810059, 0.14867329597473145, 0.19260597229003906, 0.24589014053344727, 0.5157260894775391, 0.42134666442871094, 0.4609196186065674, 0.5039234161376953, 0.6251029968261719, 0.9947824478149414, 1.261162281036377, 1.027787446975708], "delete_dirs_time_all": [0.002202272415161133, 0.02297067642211914, 0.0012242794036865234, 0.001983165740966797, 0.0016949176788330078, 0.0034394264221191406, 0.003536224365234375, 0.0040130615234375, 0.0034394264221191406, 0.003972291946411133, 0.010165691375732422, 0.01071786880493164, 0.010649919509887695, 0.010895967483520508, 0.01090693473815918, 0.031136512756347656, 0.03160977363586426, 0.03391408920288086, 0.032994985580444336, 0.0320582389831543]}