{"tree_heights": [3, 4, 5, 6], "tree_file_widths": [5, 6, 7, 8], "create_dir_time_all": [0.004235506057739258, 0.004204511642456055, 0.00415802001953125, 0.004317522048950195, 0.01280832290649414, 0.012808799743652344, 0.013160228729248047, 0.012882232666015625, 0.04222846031188965, 0.04308915138244629, 0.03582644462585449, 0.037732839584350586, 0.13270998001098633, 0.10890984535217285, 0.022485971450805664, 0.02467966079711914], "create_files_time_all": [0.11265325546264648, 0.11644697189331055, 0.13681983947753906, 0.23009228706359863, 0.28074049949645996, 0.36194562911987305, 0.405841588973999, 0.47119736671447754, 0.898202657699585, 1.2038495540618896, 1.6095433235168457, 2.2826497554779053, 3.3960800170898438, 4.4730424880981445, 4.100642919540405, 6.032743453979492], "access_files_time_all": [0.058294057846069336, 0.0744166374206543, 0.08074784278869629, 0.22407174110412598, 0.1736586093902588, 0.1979062557220459, 0.23274946212768555, 0.26984095573425293, 0.473477840423584, 0.593397855758667, 0.6956274509429932, 0.8177993297576904, 1.5423603057861328, 1.7134313583374023, 2.029033660888672, 2.4556078910827637], "search_files_time_all": [0.2731006145477295, 0.3253650665283203, 0.39127302169799805, 0.663841724395752, 1.927356481552124, 2.8023152351379395, 3.1110405921936035, 3.75426983833313, 17.101466417312622, 20.75482964515686, 25.63403868675232, 28.81225848197937, 138.943186044693, 172.78970408439636, 210.43983817100525, 310.2557797431946], "delete_files_time_all": [0.0658257007598877, 0.07499480247497559, 0.07992291450500488, 0.1351003646850586, 0.18397760391235352, 0.20652151107788086, 0.24342560768127441, 0.29144883155822754, 0.46472835540771484, 0.646486759185791, 0.7078115940093994, 0.8449344635009766, 1.5381052494049072, 1.7986974716186523, 2.2123665809631348, 3.593336582183838], "delete_dirs_time_all": [0.0005464553833007812, 0.0005145072937011719, 0.0005409717559814453, 0.0005996227264404297, 0.0014026165008544922, 0.001440286636352539, 0.0014891624450683594, 0.0015385150909423828, 0.004156827926635742, 0.004225015640258789, 0.006191253662109375, 0.0047109127044677734, 0.013207435607910156, 0.012864828109741211, 0.013536691665649414, 0.013293743133544922]}