{"tree_heights": [2, 3, 4, 5], "tree_file_widths": [4, 5, 6, 7, 8], "create_dir_time_all": [0.01810932159423828, 0.01445913314819336, 0.015207052230834961, 0.012677192687988281, 0.013892889022827148, 0.04601597785949707, 0.0422520637512207, 0.038713693618774414, 0.04234719276428223, 0.042003631591796875, 0.14115357398986816, 0.15180587768554688, 0.13664984703063965, 0.13911962509155273, 0.13360095024108887, 0.39703941345214844, 0.38937997817993164, 0.3871424198150635, 0.3986339569091797, 0.9731044769287109], "create_files_time_all": [0.4017605781555176, 0.4863121509552002, 0.5952796936035156, 0.6763863563537598, 0.8014259338378906, 1.6268668174743652, 1.8900566101074219, 2.405576229095459, 2.798854351043701, 3.024423837661743, 5.887699365615845, 7.253364324569702, 8.619331121444702, 11.385453701019287, 12.31550645828247, 21.456470727920532, 32.913642168045044, 32.18937397003174, 38.407954931259155, 45.88693451881409], "access_files_time_all": [0.08610010147094727, 0.10564541816711426, 0.12228918075561523, 0.13359642028808594, 0.15962886810302734, 0.3128681182861328, 0.3559913635253906, 0.4384751319885254, 0.528897762298584, 0.6201672554016113, 1.213329792022705, 2.2471606731414795, 1.7806596755981445, 2.425031900405884, 2.464803695678711, 4.478581428527832, 6.038008451461792, 7.055294990539551, 8.390291690826416, 10.48670220375061], "search_files_time_all": [0.05145573616027832, 0.036955833435058594, 0.07437801361083984, 0.0746910572052002, 0.08585906028747559, 0.12740540504455566, 0.15262866020202637, 0.1855013370513916, 0.22602510452270508, 0.2557036876678467, 0.3605833053588867, 1.1270921230316162, 0.550041675567627, 0.7633254528045654, 0.7498681545257568, 1.1154212951660156, 1.4646553993225098, 1.5962679386138916, 1.9823582172393799, 2.700700044631958], "delete_files_time_all": [0.21969914436340332, 0.2831590175628662, 0.34981369972229004, 0.39107799530029297, 0.49653053283691406, 0.9774456024169922, 1.242629051208496, 1.6946449279785156, 1.961545705795288, 2.422147750854492, 4.9189393520355225, 10.880302667617798, 8.583712339401245, 10.008577108383179, 12.043465614318848, 24.081189393997192, 34.04506301879883, 43.95444297790527, 59.49158072471619, 70.0206835269928], "delete_dirs_time_all": [0.012393474578857422, 0.012351036071777344, 0.017546415328979492, 0.015361547470092773, 0.01622605323791504, 0.04913949966430664, 0.052904367446899414, 0.055794477462768555, 0.05811929702758789, 0.05578207969665527, 0.15446901321411133, 0.1493995189666748, 0.14458036422729492, 0.13899707794189453, 0.15445590019226074, 0.43526744842529297, 0.4207780361175537, 0.5086052417755127, 0.9915611743927002, 0.48238205909729004]}