{"tree_heights": [2, 3, 4, 5], "tree_file_widths": [4, 5, 6, 7, 8], "create_dir_time_all": [0.03653264045715332, 0.015297889709472656, 0.016664981842041016, 0.01415395736694336, 0.016603946685791016, 0.04606127738952637, 0.050713539123535156, 0.04425501823425293, 0.04617452621459961, 0.047226905822753906, 0.1462860107421875, 0.1397092342376709, 0.1471858024597168, 0.14713692665100098, 0.14583587646484375, 0.4488945007324219, 0.4367661476135254, 0.43164730072021484, 0.47344303131103516, 0.42742466926574707], "create_files_time_all": [0.3017539978027344, 0.281618595123291, 0.34924864768981934, 0.41413140296936035, 0.44734978675842285, 0.8599967956542969, 1.0303668975830078, 1.3292100429534912, 1.5597496032714844, 1.7817597389221191, 3.0021681785583496, 3.7422447204589844, 4.5429534912109375, 5.503101348876953, 6.416762351989746, 10.900558233261108, 14.523240327835083, 17.46579098701477, 21.935341835021973, 23.849639892578125], "access_files_time_all": [0.07627391815185547, 0.1011662483215332, 0.10312700271606445, 0.12951040267944336, 0.15054702758789062, 0.28833866119384766, 0.31353187561035156, 0.40993714332580566, 0.46935486793518066, 0.5813143253326416, 0.9721875190734863, 1.1938529014587402, 1.4556729793548584, 1.6905944347381592, 2.0277462005615234, 3.706894874572754, 4.789620399475098, 5.680819511413574, 6.581993579864502, 7.819106578826904], "search_files_time_all": [0.06380677223205566, 0.03691267967224121, 0.07738089561462402, 0.05653238296508789, 0.09500455856323242, 0.19501018524169922, 0.2085552215576172, 0.26038122177124023, 0.28362488746643066, 0.3617727756500244, 0.5275888442993164, 0.6305699348449707, 0.7751109600067139, 0.8461997509002686, 0.9934859275817871, 1.4956657886505127, 2.0929017066955566, 2.221479892730713, 2.5089852809906006, 2.837043046951294], "delete_files_time_all": [0.16196846961975098, 0.17517566680908203, 0.23367977142333984, 0.26748180389404297, 0.2872028350830078, 0.723379373550415, 0.8734512329101562, 0.9331679344177246, 1.0602951049804688, 1.342463493347168, 2.321897268295288, 2.9473745822906494, 3.6674623489379883, 4.1786048412323, 4.784288644790649, 8.329205513000488, 10.42751669883728, 13.144083499908447, 15.28142261505127, 17.670761585235596], "delete_dirs_time_all": [0.015778303146362305, 0.01649308204650879, 0.016534090042114258, 0.017345190048217773, 0.016674041748046875, 0.07544422149658203, 0.06738018989562988, 0.06902480125427246, 0.06775283813476562, 0.06925630569458008, 0.21654295921325684, 0.20712757110595703, 0.21462559700012207, 0.20459651947021484, 0.21442365646362305, 0.6949245929718018, 0.6378927230834961, 0.6491622924804688, 0.6270577907562256, 0.6432554721832275]}