{"tree_heights": [3, 4, 5, 6], "tree_file_widths": [5, 6, 7, 8], "create_dir_time_all": [0.0007803440093994141, 0.0005178451538085938, 0.0005428791046142578, 0.0006382465362548828, 0.0016639232635498047, 0.0016298294067382812, 0.0014941692352294922, 0.0015282630920410156, 0.009972810745239258, 0.005129814147949219, 0.0050046443939208984, 0.005285739898681641, 0.014641523361206055, 0.017196178436279297, 0.017322063446044922, 0.017651796340942383], "create_files_time_all": [0.011130809783935547, 0.004785299301147461, 0.005782365798950195, 0.0071027278900146484, 0.014154672622680664, 0.01618671417236328, 0.018492937088012695, 0.020607709884643555, 0.04832053184509277, 0.06440043449401855, 0.05643057823181152, 0.06621026992797852, 0.13320517539978027, 0.15124273300170898, 0.17465758323669434, 0.20110201835632324], "access_files_time_all": [0.001585245132446289, 0.00038313865661621094, 0.0004506111145019531, 0.0006084442138671875, 0.0012278556823730469, 0.0013730525970458984, 0.001583099365234375, 0.0018770694732666016, 0.0038919448852539062, 0.005091428756713867, 0.005290031433105469, 0.007477998733520508, 0.012027978897094727, 0.01456451416015625, 0.016561031341552734, 0.0216524600982666], "search_files_time_all": [0.11441969871520996, 0.11172747611999512, 0.14039349555969238, 0.16985058784484863, 0.83644700050354, 1.1185896396636963, 1.2802700996398926, 1.5242676734924316, 8.243338346481323, 10.31026816368103, 12.111382007598877, 15.156657695770264, 74.85261464118958, 95.29539799690247, 119.05598950386047, 152.02839922904968], "delete_files_time_all": [0.001268148422241211, 0.0015413761138916016, 0.0017080307006835938, 0.0021343231201171875, 0.003793954849243164, 0.0058786869049072266, 0.005008220672607422, 0.006077289581298828, 0.012361288070678711, 0.018117666244506836, 0.016398906707763672, 0.025194168090820312, 0.048467159271240234, 0.06910562515258789, 0.07939672470092773, 0.0847635269165039], "delete_dirs_time_all": [0.0004413127899169922, 0.0004620552062988281, 0.000469207763671875, 0.0005235671997070312, 0.0013058185577392578, 0.0013055801391601562, 0.0013668537139892578, 0.0018460750579833984, 0.004896402359008789, 0.004205465316772461, 0.005433320999145508, 0.00461268424987793, 0.014225959777832031, 0.014955997467041016, 0.01601719856262207, 0.017673492431640625]}