{"tree_heights": [3, 4, 5, 6], "tree_file_widths": [5, 6, 7, 8], "create_dir_time_all": [0.015323877334594727, 0.0012650489807128906, 0.0013089179992675781, 0.0012564659118652344, 0.0034627914428710938, 0.0037589073181152344, 0.0036773681640625, 0.0034537315368652344, 0.01306009292602539, 0.010153055191040039, 0.011380434036254883, 0.012159585952758789, 0.17158865928649902, 0.03219795227050781, 0.036345481872558594, 0.0344233512878418], "create_files_time_all": [0.008684635162353516, 0.010376930236816406, 0.011823892593383789, 0.014263153076171875, 0.027506589889526367, 0.032617807388305664, 0.03708600997924805, 0.047322988510131836, 0.08083653450012207, 0.0998842716217041, 0.11986136436462402, 0.1408827304840088, 0.268096923828125, 0.31374144554138184, 0.373748779296875, 0.4037034511566162], "access_files_time_all": [0.0008075237274169922, 0.001302480697631836, 0.0010380744934082031, 0.0014390945434570312, 0.0025277137756347656, 0.002771615982055664, 0.004518747329711914, 0.0038805007934570312, 0.007903814315795898, 0.009562492370605469, 0.010082244873046875, 0.012216567993164062, 0.024645566940307617, 0.028209924697875977, 0.03153204917907715, 0.0376276969909668], "search_files_time_all": [0.19029021263122559, 0.23621058464050293, 0.2851071357727051, 0.3458685874938965, 1.8177177906036377, 2.2421324253082275, 2.975353240966797, 3.2304763793945312, 16.69252038002014, 21.139710903167725, 25.604053258895874, 30.821237087249756, 154.7332308292389, 192.0480134487152, 231.3420844078064, 276.4583158493042], "delete_files_time_all": [0.0026237964630126953, 0.003077983856201172, 0.0036706924438476562, 0.004536151885986328, 0.007498264312744141, 0.00896143913269043, 0.011266231536865234, 0.02039623260498047, 0.02851247787475586, 0.04319882392883301, 0.04970049858093262, 0.05083203315734863, 0.10033822059631348, 0.12298345565795898, 0.13875722885131836, 0.15094614028930664], "delete_dirs_time_all": [0.0008876323699951172, 0.0008771419525146484, 0.0009379386901855469, 0.0009763240814208984, 0.0029358863830566406, 0.0025403499603271484, 0.002771139144897461, 0.002777099609375, 0.008500337600708008, 0.01000833511352539, 0.011260747909545898, 0.01272130012512207, 0.026501893997192383, 0.02486419677734375, 0.025595903396606445, 0.029253244400024414]}