{"tree_heights": [2, 3, 4, 5], "tree_file_widths": [4, 5, 6, 7, 8], "create_dir_time_all": [0.08525753021240234, 0.12376856803894043, 0.09095525741577148, 0.030376672744750977, 0.028487443923950195, 0.1172032356262207, 0.09819602966308594, 0.09943890571594238, 0.09190654754638672, 0.09958982467651367, 0.3324928283691406, 0.2993171215057373, 0.3242926597595215, 0.4379758834838867, 0.29041600227355957, 0.8455386161804199, 0.8452882766723633, 1.789142370223999, 1.8538544178009033, 0.8365564346313477], "create_files_time_all": [1.6254658699035645, 2.7349798679351807, 3.3157689571380615, 1.207463026046753, 1.459127426147461, 4.444277763366699, 3.3490538597106934, 3.6813478469848633, 4.56600284576416, 4.939782619476318, 8.51284384727478, 10.821752548217773, 13.155048847198486, 15.729788303375244, 18.942757844924927, 38.02222299575806, 36.722867012023926, 76.22890305519104, 93.45559453964233, 71.72681784629822], "access_files_time_all": [0.14533090591430664, 0.1065514087677002, 0.4310903549194336, 0.08159089088439941, 0.09207606315612793, 0.19198179244995117, 0.21305370330810547, 0.29871606826782227, 0.3158562183380127, 0.36423182487487793, 0.6602413654327393, 0.9153192043304443, 0.9256410598754883, 1.1010427474975586, 1.2285306453704834, 2.1603057384490967, 3.074552536010742, 4.145415306091309, 4.270086765289307, 4.678813695907593], "search_files_time_all": [0.03780484199523926, 0.04577016830444336, 0.05325579643249512, 0.06010150909423828, 0.06855535507202148, 0.1083681583404541, 0.13368654251098633, 0.16558504104614258, 0.18996214866638184, 0.21790289878845215, 0.33947134017944336, 0.5360450744628906, 0.48600316047668457, 0.5733687877655029, 0.6437087059020996, 0.9182662963867188, 1.4077613353729248, 1.8451459407806396, 1.6152582168579102, 1.8605175018310547], "delete_files_time_all": [1.7769348621368408, 2.243187665939331, 0.8364772796630859, 1.0182766914367676, 1.1594510078430176, 1.9553160667419434, 2.6806676387786865, 2.9419445991516113, 3.371941328048706, 4.033891439437866, 6.119341611862183, 8.020392894744873, 10.530494213104248, 11.425624132156372, 12.713218927383423, 20.048418045043945, 41.80981707572937, 51.29095768928528, 47.277113914489746, 82.61957883834839], "delete_dirs_time_all": [0.21658802032470703, 0.21682977676391602, 0.062264204025268555, 0.05921316146850586, 0.06340789794921875, 0.18341636657714844, 0.1999204158782959, 0.19966506958007812, 0.1967465877532959, 0.19741177558898926, 0.5865588188171387, 0.5980925559997559, 0.792797327041626, 0.6076085567474365, 0.5820426940917969, 1.7633323669433594, 3.177973985671997, 2.9343783855438232, 1.810711145401001, 1.8076155185699463]}