{
  "tree_heights": [3, 4, 5, 6],
  "tree_file_widths": [5, 6, 7, 8],
  "create_dir_time_all":   [0.11090874671936035, 0.044675588607788086, 0.04639148712158203, 0.038397789001464844, 0.12771224975585938, 0.1358339786529541,  0.13120341300964355, 0.14406538009643555, 0.389279842376709,   0.37098002433776855, 0.39938902854919434, 0.3976466655731201,  1.2185673713684082,  1.2176225185394287,  1.1626942157745361,  1.1628730297088623],
  "create_files_time_all": [3.0115387439727783,  2.057995080947876,    2.505953788757324,   3.4244580268859863,   7.109577655792236,   9.643982172012329,   10.665550231933594,  13.532975912094116,  29.03614377975464,   34.05601239204407,   41.23933982849121,   46.45812964439392,   131.26484513282776,  140.65685296058655,  162.4671347141266,   193.40875959396362],
  "access_files_time_all": [0.2889730930328369,  0.3504984378814697,   0.4165310859680176,  0.4754009246826172,   1.2094216346740723,  1.4513487815856934,  1.6812853813171387,  1.9718170166015625,  5.0137550830841064,  6.130289554595947,   7.319189786911011,   8.60034966468811,    21.510139226913452,  26.954355239868164,  33.32892847061157,   39.59935784339905],
  "search_files_time_all": [0.10116386413574219, 0.11679673194885254,  0.14009833335876465, 0.1308307647705078,   0.2774343490600586,  0.3010129928588867,  0.35266542434692383, 0.43293094635009766, 0.814802885055542,   1.024531602859497,   1.1696646213531494,  1.2409629821777344,  2.513718605041504,   2.987356185913086,   3.5444085597991943,  4.046648025512695],
  "delete_files_time_all": [2.321396589279175,   1.858482837677002,    7.14289402961731,    2.148082971572876,    6.8180625438690186,  8.341856241226196,   11.688632249832153,  12.681376218795776,  36.10857439041138,   49.164063930511475,  61.234641790390015,  78.80643939971924,   285.9804165363312,   341.0833532810211,   448.5498139858246,   680.203710357047],
  "delete_dirs_time_all":   [0.052703857421875,  0.04889941215515137,  0.0523831844329834,  0.04978179931640625,  0.16395974159240723, 0.14467692375183105, 0.15119099617004395, 0.14102959632873535, 0.44765591621398926, 0.43832921981811523, 0.4786183834075928,  0.4398531913757324,  1.356567144393921,   1.2686889171600342,  1.2837095260620117,  1.3329579234418]
}