{"tree_heights": [3, 4, 5, 6], "tree_file_widths": [5, 6, 7, 8], "create_dir_time_all": [0.0063741207122802734, 0.0024025440216064453, 0.0018672943115234375, 0.0027289390563964844, 0.007977724075317383, 0.0077779293060302734, 0.0053348541259765625, 0.007736921310424805, 0.020190715789794922, 0.01913905143737793, 0.020417213439941406, 0.031075239181518555, 0.07485413551330566, 0.06209206581115723, 0.0744471549987793, 0.06295013427734375], "create_files_time_all": [0.04643869400024414, 0.052776336669921875, 0.06262469291687012, 0.07692527770996094, 0.8462169170379639, 0.1886763572692871, 0.22496986389160156, 0.2886471748352051, 1.2509362697601318, 1.0688588619232178, 3.4413540363311768, 1.8465213775634766, 8.733137369155884, 11.172065496444702, 7.776890993118286, 9.238170623779297], "access_files_time_all": [0.010258197784423828, 0.012331724166870117, 0.016889095306396484, 0.021474838256835938, 0.17679691314697266, 0.09108805656433105, 0.1191854476928711, 0.14752960205078125, 0.5747332572937012, 0.7233827114105225, 1.0098257064819336, 1.351656436920166, 4.24589467048645, 6.113632440567017, 8.461328744888306, 10.973886013031006], "search_files_time_all": [0.0065343379974365234, 0.0017025470733642578, 0.002660512924194336, 0.0023603439331054688, 0.022121191024780273, 0.005444049835205078, 0.006265878677368164, 0.0210723876953125, 0.04403281211853027, 0.04731273651123047, 0.06717300415039062, 0.07805609703063965, 0.15059423446655273, 0.1764054298400879, 0.19309163093566895, 0.24154019355773926], "delete_files_time_all": [0.013195514678955078, 0.017105817794799805, 0.021407127380371094, 0.02489614486694336, 0.11754035949707031, 0.10805320739746094, 0.14278411865234375, 0.16981744766235352, 0.973642110824585, 0.9693779945373535, 5.375101089477539, 3.2880637645721436, 13.61748194694519, 34.44605493545532, 25.05870246887207, 26.249247550964355], "delete_dirs_time_all": [0.0013427734375, 0.0015010833740234375, 0.0018110275268554688, 0.001657247543334961, 0.006213665008544922, 0.004664897918701172, 0.004423856735229492, 0.003926753997802734, 0.01877617835998535, 0.019278764724731445, 0.022161006927490234, 0.022367238998413086, 0.05680680274963379, 0.10593223571777344, 0.05955362319946289, 0.06061363220214844]}